"DATA","ABERTURA","FECHAMENTO","VARIAÇÃO","MÍNIMO","MÁXIMO","VOLUME"
"05/12/2024","34,71","36,46","4,02","36,17","37,48","939,72M"
"04/12/2024","34,55","35,05","0,31","34,46","35,20","613,03M"
"03/12/2024","34,29","34,94","1,22","34,37","35,04","666,37M"
"02/12/2024","34,29","34,52","0,44","34,28","34,82","301,79M"
"29/11/2024","33,97","34,37","0,94","33,96","34,58","894,03M"
"28/11/2024","35,15","34,05","-3,81","33,87","35,29","794,96M"
"27/11/2024","36,52","35,40","-2,88","35,40","36,63","736,69M"
"26/11/2024","35,16","36,45","1,84","35,84","36,59","1,08B"
"25/11/2024","n/d","35,79","1,50","35,16","35,98","572,40M"
"22/11/2024","35,30","35,26","0,40","34,88","35,41","393,09M"
"21/11/2024","35,50","35,12","-1,43","34,84","35,40","678,67M"
"19/11/2024","35,43","35,63","0,37","35,35","35,84","812,81M"
"18/11/2024","35,43","35,50","-0,50","35,23","35,70","309,32M"
"14/11/2024","35,37","35,68","0,48","35,41","35,94","911,55M"
"13/11/2024","35,84","35,51","0,68","34,83","35,76","870,19M"
"12/11/2024","35,70","35,27","-1,59","35,14","35,93","464,93M"
"11/11/2024","35,70","35,84","0,56","35,39","36,05","213,83M"
"08/11/2024","37,20","35,64","-1,06","34,92","35,72","973,33M"
"07/11/2024","36,61","36,02","-2,09","35,96","37,66","951,22M"
"06/11/2024","37,65","36,79","-1,39","36,27","37,04","612,11M"
"05/11/2024","37,07","37,31","-1,35","37,09","37,65","478,69M"
"04/11/2024","37,07","37,82","3,00","37,04","37,82","231,91M"
"01/11/2024","37,99","36,72","-3,29","36,47","38,00","422,34M"
"31/10/2024","38,01","37,97","-0,65","37,79","38,44","237,06M"
"30/10/2024","38,09","38,22","0,45","37,91","38,37","168,08M"
"29/10/2024","38,37","38,05","-0,83","37,91","38,40","121,23M"
"28/10/2024","38,34","38,37","1,11","38,06","38,46","121,71M"
"25/10/2024","38,38","37,95","-0,91","37,78","38,39","293,75M"
"24/10/2024","38,20","38,30","0,68","37,41","38,35","248,91M"
"23/10/2024","38,21","38,04","-1,19","37,54","38,33","342,51M"
"22/10/2024","38,00","38,50","0,84","37,87","38,60","171,11M"
"21/10/2024","37,87","38,18","1,09","37,73","38,31","285,52M"
"18/10/2024","38,39","37,77","-0,94","37,77","38,55","1,31B"
"17/10/2024","37,37","38,13","0,03","37,35","38,13","284,96M"
"16/10/2024","38,57","38,12","-1,50","37,95","38,57","539,17M"
"15/10/2024","39,06","38,70","-0,57","38,47","39,25","271,02M"
"14/10/2024","38,24","38,92","2,07","38,18","39,06","310,76M"
"11/10/2024","38,04","38,13","-0,03","37,68","38,19","157,48M"
"10/10/2024","38,15","38,14","-0,13","37,83","38,25","179,42M"
"09/10/2024","38,40","38,19","-1,32","38,00","38,46","273,09M"
"08/10/2024","38,13","38,70","1,44","37,95","38,96","277,71M"
"07/10/2024","38,53","38,15","-0,03","38,08","38,72","168,75M"
"04/10/2024","38,36","38,16","-0,57","37,95","38,38","226,07M"
"03/10/2024","39,00","38,38","-2,37","37,94","39,01","370,31M"
"02/10/2024","39,86","39,31","0,08","39,30","40,08","237,57M"
"01/10/2024","39,79","39,28","-0,18","39,22","39,95","209,77M"
"30/09/2024","39,15","39,35","-0,35","39,05","39,58","252,43M"
"27/09/2024","39,60","39,49","-0,60","39,34","40,19","412,08M"
"26/09/2024","39,51","39,73","1,46","38,97","39,86","255,36M"
"25/09/2024","39,68","39,16","-1,24","39,00","39,85","261,87M"
"24/09/2024","39,61","39,65","0,25","39,43","40,50","349,91M"
"23/09/2024","39,70","39,55","-0,95","39,13","39,70","227,50M"
"20/09/2024","41,34","39,93","-3,08","39,93","41,37","596,41M"
"19/09/2024","42,20","41,20","-1,41","41,20","42,37","431,07M"
"18/09/2024","41,85","41,79","-0,92","41,50","42,36","308,43M"
"17/09/2024","41,87","42,18","0,43","41,50","42,20","181,74M"
"16/09/2024","41,69","42,00","1,16","41,51","42,42","216,04M"
"13/09/2024","41,80","41,52","0,53","41,52","42,04","275,61M"
"12/09/2024","41,18","41,30","-1,20","41,01","41,73","341,28M"
"11/09/2024","41,97","41,80","0,41","41,41","41,97","196,30M"
"10/09/2024","41,58","41,63","-0,26","41,40","41,86","238,02M"
"09/09/2024","41,85","41,74","-0,02","41,55","42,05","237,24M"
"06/09/2024","42,65","41,75","-1,49","41,71","42,61","276,45M"
"05/09/2024","42,65","42,38","-0,73","41,96","42,76","165,42M"
"04/09/2024","42,13","42,69","2,37","41,96","43,06","419,18M"
"03/09/2024","41,45","41,70","-0,48","41,47","42,15","503,79M"
"02/09/2024","41,45","41,90","0,36","41,26","42,39","290,34M"
"30/08/2024","41,95","41,75","1,09","40,72","41,75","593,53M"
"29/08/2024","41,95","41,30","-1,76","41,12","42,09","247,41M"
"28/08/2024","41,29","42,04","1,55","41,08","42,30","312,68M"
"27/08/2024","41,88","41,40","-1,15","41,40","42,14","443,91M"
"26/08/2024","41,94","41,88","0,00","41,51","42,13","312,62M"
"23/08/2024","41,09","41,88","2,40","40,85","42,20","326,84M"
"22/08/2024","41,31","40,90","-1,45","40,81","41,31","270,99M"
"21/08/2024","41,50","41,50","0,24","41,23","41,79","267,76M"
"20/08/2024","41,53","41,40","-0,31","41,11","41,63","254,83M"
"19/08/2024","40,61","41,53","2,95","40,29","41,68","557,20M"
"16/08/2024","40,84","40,34","-0,40","40,31","41,24","287,51M"
"15/08/2024","40,24","40,50","0,87","40,06","40,78","263,92M"
"14/08/2024","39,61","40,15","0,90","39,57","40,66","273,65M"
"13/08/2024","39,80","39,79","0,94","39,48","39,96","151,31M"
"12/08/2024","40,35","39,42","-1,10","39,26","40,35","213,21M"
"09/08/2024","38,81","39,86","3,21","38,78","40,11","374,99M"
"08/08/2024","37,90","38,62","2,12","37,87","39,20","255,09M"
"07/08/2024","37,85","37,82","0,75","37,48","38,00","213,06M"
"06/08/2024","37,65","37,54","-0,40","37,45","38,30","294,19M"
"05/08/2024","37,70","37,69","-1,72","37,23","37,97","313,49M"
"02/08/2024","40,40","38,35","-4,51","38,35","40,40","442,68M"
"01/08/2024","39,84","40,16","1,49","39,66","40,39","332,58M"
"31/07/2024","38,87","39,57","4,16","38,84","39,97","569,92M"
"30/07/2024","38,06","37,99","-0,52","37,92","38,32","233,71M"
"29/07/2024","38,26","38,19","-0,47","38,06","38,54","256,99M"
"26/07/2024","37,61","38,37","1,99","37,61","38,52","503,12M"
"25/07/2024","37,16","37,62","0,86","37,00","37,76","451,33M"
"24/07/2024","37,13","37,30","0,13","36,81","37,59","234,58M"
"23/07/2024","37,87","37,25","-1,56","36,95","37,95","253,01M"
"22/07/2024","37,05","37,84","2,02","37,01","38,05","259,76M"
"19/07/2024","37,90","37,09","-1,38","36,80","37,90","514,37M"
"18/07/2024","38,61","37,61","-2,51","37,49","38,77","338,30M"
"17/07/2024","38,96","38,58","-1,08","38,58","39,07","163,12M"
"16/07/2024","38,81","39,00","0,65","38,67","39,14","234,35M"
"15/07/2024","39,10","38,75","-0,90","38,72","39,35","174,15M"
"12/07/2024","38,61","39,10","1,27","38,56","39,38","274,32M"
"11/07/2024","38,60","38,61","0,99","38,42","38,96","273,22M"
"10/07/2024","38,72","38,23","-0,83","38,23","39,16","258,62M"
"09/07/2024","37,66","38,55","1,77","37,66","38,66","480,18M"
"08/07/2024","38,23","37,88","-0,16","37,76","38,62","214,22M"
"05/07/2024","38,19","37,94","-0,68","37,94","38,92","371,74M"
"04/07/2024","37,57","38,20","2,28","37,36","38,35","259,16M"
"03/07/2024","36,51","37,35","0,46","37,33","38,19","806,93M"
"02/07/2024","35,70","37,18","1,56","36,42","37,35","940,34M"
"01/07/2024","n/d","36,61","2,12","35,40","36,90","397,51M"
"28/06/2024","35,56","35,85","0,53","35,56","36,72","461,74M"
"27/06/2024","34,90","35,66","2,91","34,50","35,78","212,76M"
"26/06/2024","34,52","34,65","-0,52","34,02","34,83","223,30M"
"25/06/2024","34,85","34,83","-0,46","34,57","34,95","158,71M"
"24/06/2024","34,86","34,99","0,86","34,64","35,47","219,64M"
"21/06/2024","34,42","34,69","0,58","34,16","34,84","529,49M"
"20/06/2024","35,27","34,49","-1,60","34,31","35,40","453,39M"
"19/06/2024","35,00","35,05","0,06","34,39","35,22","360,96M"
"18/06/2024","35,07","35,03","-0,31","34,57","35,26","224,75M"
"17/06/2024","35,54","35,14","-1,54","34,79","35,59","211,01M"
"14/06/2024","35,38","35,69","0,31","34,78","35,69","261,19M"
"13/06/2024","35,55","35,58","-0,03","35,28","35,74","153,48M"
"12/06/2024","36,40","35,59","-1,74","35,36","36,53","350,64M"
"11/06/2024","36,20","36,22","0,67","36,02","36,51","192,92M"
"10/06/2024","35,93","35,98","0,70","35,52","36,30","208,27M"
"07/06/2024","36,00","35,73","-2,22","35,56","36,36","271,84M"
"06/06/2024","36,05","36,54","1,22","35,83","36,93","220,33M"
"05/06/2024","35,67","36,10","0,95","35,51","36,50","476,82M"
"04/06/2024","35,35","35,76","0,87","35,23","35,92","270,48M"
"03/06/2024","34,99","35,45","1,90","34,66","35,58","167,16M"
"31/05/2024","35,11","34,79","-1,44","34,79","35,26","380,20M"
"29/05/2024","35,50","35,30","-1,56","35,17","35,63","141,22M"
"28/05/2024","36,57","35,86","-0,94","35,76","36,73","226,84M"
"27/05/2024","36,22","36,20","0,00","36,06","36,44","79,29M"
"24/05/2024","36,26","36,20","0,17","36,14","36,63","138,45M"
"23/05/2024","36,01","36,14","-0,28","35,73","36,24","193,53M"
"22/05/2024","37,10","36,24","-3,49","35,96","37,13","474,11M"
"21/05/2024","36,81","37,55","1,90","36,43","37,59","542,30M"
"20/05/2024","38,04","36,85","-3,53","36,85","38,32","475,47M"
"17/05/2024","38,12","38,20","-0,60","37,95","38,35","376,44M"
"16/05/2024","38,52","38,43","0,65","38,02","38,66","225,67M"
"15/05/2024","38,22","38,18","-0,16","37,65","38,30","456,27M"
"14/05/2024","37,93","38,24","0,79","37,77","38,60","213,79M"
"13/05/2024","37,92","37,94","0,18","37,73","38,38","173,80M"
"10/05/2024","38,03","37,87","-0,63","37,08","38,09","284,40M"
"09/05/2024","39,05","38,11","-3,74","37,14","39,11","516,82M"
"08/05/2024","39,14","39,59","0,48","39,11","39,93","367,20M"
"07/05/2024","39,66","39,40","0,56","39,18","39,70","219,81M"
"06/05/2024","38,61","39,18","0,59","38,60","39,57","158,93M"
"03/05/2024","39,07","38,95","1,49","38,83","39,68","307,23M"
"02/05/2024","38,24","38,38","1,37","38,19","38,78","328,93M"
"30/04/2024","37,40","37,86","0,61","37,36","38,01","349,59M"
"29/04/2024","37,32","37,63","0,88","37,11","37,72","403,15M"
"26/04/2024","37,11","37,30","1,62","36,94","38,04","509,36M"
"25/04/2024","36,37","36,71","0,92","35,91","36,89","761,15M"
"24/04/2024","36,75","36,37","-1,18","36,28","36,83","477,91M"
"23/04/2024","36,85","36,81","-1,30","36,67","37,13","280,31M"
"22/04/2024","37,53","37,29","-0,29","37,08","37,67","323,91M"
"19/04/2024","37,60","37,40","-0,32","37,35","37,87","261,38M"
"18/04/2024","37,64","37,52","-0,39","37,01","37,75","223,80M"
"17/04/2024","38,04","37,67","-0,57","37,25","38,19","292,15M"
"16/04/2024","37,70","37,88","-0,52","37,67","38,43","355,91M"
"15/04/2024","38,62","38,08","-1,36","37,48","38,65","384,98M"
"12/04/2024","38,60","38,61","0,46","38,15","39,18","364,86M"
"11/04/2024","40,07","38,43","-4,62","38,31","40,23","692,17M"
"10/04/2024","40,99","40,29","-2,09","40,10","41,16","260,26M"
"09/04/2024","40,95","41,15","0,36","40,57","41,45","273,08M"
"08/04/2024","40,66","41,00","0,93","40,28","41,20","178,65M"
"05/04/2024","40,65","40,62","-0,07","39,89","40,70","237,91M"
"04/04/2024","40,70","40,65","0,49","40,50","41,78","573,35M"
"03/04/2024","40,33","40,46","0,32","39,80","40,74","166,42M"
"02/04/2024","40,43","40,33","-0,37","39,97","40,64","551,97M"
"01/04/2024","41,36","40,48","-1,89","40,40","41,74","289,13M"
"28/03/2024","41,14","41,26","-0,41","40,82","41,62","341,48M"
"27/03/2024","42,04","41,43","-1,32","40,74","42,34","258,30M"
"26/03/2024","41,67","41,98","0,38","41,67","42,33","404,20M"
"25/03/2024","41,37","41,82","0,50","41,08","42,15","261,14M"
"22/03/2024","41,93","41,61","-1,08","41,41","42,25","179,38M"
"21/03/2024","41,85","42,07","0,12","41,41","42,29","205,11M"
"20/03/2024","41,67","42,02","1,34","41,41","42,27","274,75M"
"19/03/2024","40,96","41,47","1,11","40,44","41,62","488,99M"
"18/03/2024","42,57","41,01","-3,60","40,87","42,73","402,68M"
"15/03/2024","43,60","42,54","-2,27","41,57","43,68","979,18M"
"14/03/2024","43,53","43,53","1,41","43,09","43,97","654,34M"
"13/03/2024","43,16","42,93","-0,85","42,71","43,50","499,09M"
"12/03/2024","43,00","43,30","1,39","42,62","43,50","458,48M"
"11/03/2024","42,71","42,70","-0,80","42,52","43,00","220,04M"
"08/03/2024","42,54","43,05","0,37","41,97","43,24","291,34M"
"07/03/2024","43,14","42,89","-1,10","42,64","43,25","157,89M"
"06/03/2024","43,17","43,37","0,53","43,00","43,68","188,62M"
"05/03/2024","43,14","43,14","0,00","42,96","43,83","232,42M"
"04/03/2024","43,05","43,14","-0,34","42,64","43,28","179,74M"
"01/03/2024","43,07","43,29","0,57","42,84","43,67","150,12M"
"29/02/2024","43,31","43,04","-0,93","42,82","43,61","232,69M"
"28/02/2024","43,51","43,44","-0,48","42,93","43,58","212,46M"
"27/02/2024","42,99","43,65","2,13","42,89","43,76","241,53M"
"26/02/2024","42,67","42,74","0,14","42,46","43,22","140,99M"
"23/02/2024","43,22","42,68","-0,83","42,38","43,27","281,35M"
"22/02/2024","43,31","43,04","-0,23","42,78","43,65","338,40M"
"21/02/2024","43,87","43,14","-1,93","42,59","44,05","324,33M"
"20/02/2024","42,04","43,99","3,76","41,90","44,43","589,18M"
"19/02/2024","42,04","42,40","0,82","41,87","42,61","153,08M"
"16/02/2024","42,55","42,05","-0,89","41,95","42,64","848,44M"
"15/02/2024","42,77","42,43","-0,26","42,26","43,01","681,48M"
"14/02/2024","42,91","42,53","-1,49","42,25","42,98","196,19M"
"09/02/2024","42,73","43,18","1,63","42,23","43,43","450,09M"
"08/02/2024","43,01","42,48","-0,58","42,30","43,66","401,56M"
"07/02/2024","42,84","42,73","0,14","42,49","43,31","305,05M"
"06/02/2024","40,40","42,67","5,63","40,39","42,87","377,83M"
"05/02/2024","40,22","40,40","0,44","39,87","40,65","175,85M"
"02/02/2024","41,12","40,22","-2,28","39,90","41,50","283,94M"
"01/02/2024","40,28","41,16","1,94","39,78","41,16","323,76M"
"31/01/2024","40,15","40,38","1,49","39,97","41,06","307,33M"
"30/01/2024","40,39","39,78","-1,61","39,58","40,42","180,24M"
"29/01/2024","40,45","40,44","0,02","40,36","41,08","175,69M"
"26/01/2024","40,87","40,43","-0,66","40,43","41,00","108,71M"
"25/01/2024","40,71","40,69","0,15","40,47","41,02","134,86M"
"24/01/2024","40,84","40,63","0,10","40,38","41,00","247,58M"
"23/01/2024","40,44","40,59","0,61","40,16","40,99","358,63M"
"22/01/2024","41,55","40,35","-2,23","40,03","41,61","310,04M"
"19/01/2024","40,72","41,27","1,63","40,72","41,74","300,27M"
"18/01/2024","41,70","40,60","-2,33","40,47","41,78","201,46M"
"17/01/2024","41,26","41,57","0,00","41,26","41,97","235,19M"
"16/01/2024","42,62","41,57","-3,38","41,19","42,88","370,34M"
"15/01/2024","42,46","43,03","1,30","42,46","43,96","258,80M"
"12/01/2024","42,57","42,47","-0,65","42,23","43,10","169,15M"
"11/01/2024","42,07","42,75","1,05","41,93","43,34","451,78M"
"10/01/2024","41,50","42,31","2,59","41,26","42,60","275,19M"
"09/01/2024","40,45","41,24","1,51","40,36","41,37","213,39M"
"08/01/2024","40,79","40,62","-0,48","40,27","40,91","148,06M"
"05/01/2024","40,76","40,82","-0,17","40,57","41,23","126,08M"
"04/01/2024","41,31","40,89","-0,86","40,52","41,41","123,23M"
"03/01/2024","41,36","41,25","-0,12","41,11","41,70","155,72M"
"02/01/2024","41,58","41,30","-1,63","41,07","41,92","147,39M"
"28/12/2023","41,79","41,98","0,47","41,77","42,24","189,94M"
"27/12/2023","41,63","41,78","0,33","41,48","41,97","94,23M"
"26/12/2023","41,60","41,64","0,29","41,48","41,80","103,29M"
"22/12/2023","41,16","41,52","0,89","40,85","41,89","173,78M"
"21/12/2023","41,17","41,16","0,95","40,63","41,22","163,13M"
"20/12/2023","41,46","40,77","-1,65","40,47","41,75","363,20M"
"19/12/2023","41,12","41,46","0,82","40,90","41,47","212,98M"
"18/12/2023","40,37","41,12","1,91","40,32","41,29","295,83M"
"15/12/2023","41,20","40,35","-2,07","40,19","41,50","345,81M"
"14/12/2023","41,71","41,20","-0,41","40,57","41,71","354,18M"
"13/12/2023","40,22","41,37","2,90","40,10","41,55","362,15M"
"12/12/2023","40,32","40,20","-0,56","39,97","40,58","166,02M"
"11/12/2023","40,26","40,43","-0,10","40,18","40,95","187,77M"
"08/12/2023","40,96","40,47","-1,52","40,37","41,28","229,07M"
"07/12/2023","40,87","41,09","0,36","40,87","41,37","114,47M"
"06/12/2023","41,32","40,94","-0,17","40,73","41,51","151,41M"
"05/12/2023","40,30","41,01","1,74","40,08","41,35","332,27M"
"04/12/2023","40,56","40,31","-0,90","40,04","40,79","157,44M"
"01/12/2023","40,33","40,67","0,61","39,88","40,94","253,06M"
"30/11/2023","40,33","40,43","0,29","39,65","40,65","348,01M"
"29/11/2023","40,53","40,31","-0,68","40,18","40,79","206,18M"
"28/11/2023","40,86","40,58","-0,68","40,24","41,26","195,03M"
"27/11/2023","40,47","40,86","2,00","39,95","41,04","308,40M"
"24/11/2023","40,76","40,06","-1,91","39,80","40,76","196,08M"
"23/11/2023","39,97","40,84","2,05","39,79","41,03","237,21M"
"22/11/2023","39,86","40,02","1,25","39,47","40,35","508,82M"
"21/11/2023","40,06","39,53","-2,04","39,46","40,22","301,42M"
"20/11/2023","40,63","40,35","0,92","39,82","40,63","216,58M"
"17/11/2023","40,37","39,98","-0,74","39,44","40,77","343,30M"
"16/11/2023","38,98","40,28","3,14","38,98","40,34","487,61M"
"14/11/2023","38,05","39,05","3,38","37,56","39,26","489,89M"
"13/11/2023","37,00","37,77","2,22","36,85","38,09","334,53M"
"10/11/2023","37,20","36,95","0,19","36,71","37,70","322,28M"
"09/11/2023","37,40","36,88","-0,69","36,70","37,53","212,27M"
"08/11/2023","37,60","37,14","-0,45","36,75","38,28","361,89M"
"07/11/2023","36,81","37,31","1,67","36,66","37,69","484,76M"
"06/11/2023","36,53","36,70","0,52","35,96","36,83","174,26M"
"03/11/2023","36,61","36,51","2,39","35,92","36,89","212,82M"
"01/11/2023","34,63","35,66","3,44","34,49","35,91","313,12M"
"31/10/2023","34,08","34,47","1,43","33,81","34,51","132,61M"
"30/10/2023","34,52","33,99","0,00","33,77","34,83","210,74M"
"27/10/2023","34,95","33,99","-2,19","33,69","35,49","282,51M"
"26/10/2023","34,15","34,75","2,60","34,00","34,80","165,17M"
"25/10/2023","34,19","33,87","-1,10","33,53","34,29","185,38M"
"24/10/2023","34,12","34,24","1,26","33,87","34,52","143,36M"
"23/10/2023","33,58","33,82","0,21","33,57","34,38","276,36M"
"20/10/2023","33,33","33,75","0,89","33,29","34,18","272,42M"
"19/10/2023","33,41","33,45","0,12","33,20","34,14","260,53M"
"18/10/2023","34,15","33,41","-3,27","33,28","34,27","303,91M"
"17/10/2023","34,77","34,54","-1,97","34,34","35,30","192,27M"
"16/10/2023","35,13","35,23","0,68","34,84","35,56","135,59M"
"13/10/2023","36,26","34,99","-3,18","34,99","36,35","179,40M"
"11/10/2023","36,01","36,14","0,72","35,60","36,18","133,54M"
"10/10/2023","35,40","35,89","2,31","35,21","36,01","215,27M"
"09/10/2023","34,06","35,07","1,87","33,89","35,36","173,34M"
"06/10/2023","34,19","34,43","-0,34","33,41","34,61","298,64M"
"05/10/2023","34,99","34,55","-1,36","34,28","35,34","286,03M"
"04/10/2023","34,98","35,02","0,28","34,64","35,36","164,51M"
"03/10/2023","35,88","34,93","-2,54","34,79","35,96","266,21M"
"02/10/2023","36,41","35,84","-1,82","35,79","36,46","127,25M"
"29/09/2023","36,22","36,50","1,65","36,06","36,53","290,13M"
"28/09/2023","34,97","35,91","2,51","34,94","36,17","319,48M"
"27/09/2023","35,92","35,02","-2,21","34,52","36,16","347,11M"
"26/09/2023","36,51","35,82","0,92","35,82","37,40","639,03M"
"25/09/2023","34,71","35,49","1,73","34,57","35,83","234,22M"
"22/09/2023","34,78","34,89","0,89","34,36","35,07","227,82M"
"21/09/2023","34,79","34,58","-3,24","34,48","35,41","315,71M"
"20/09/2023","35,10","35,74","1,95","35,03","35,94","171,32M"
"19/09/2023","35,43","35,05","-0,48","34,96","35,61","184,11M"
"18/09/2023","35,41","35,22","-0,39","34,97","35,62","144,82M"
"15/09/2023","36,05","35,36","-2,24","35,36","36,20","334,51M"
"14/09/2023","36,26","36,17","0,30","35,62","36,50","218,32M"
"13/09/2023","35,62","36,06","1,59","35,39","36,86","610,98M"
"12/09/2023","34,81","35,50","2,08","34,71","35,50","225,13M"
"11/09/2023","34,17","34,78","2,27","34,00","34,86","226,12M"
"08/09/2023","33,93","34,01","0,59","33,24","34,16","270,14M"
"06/09/2023","34,56","33,81","-2,15","33,78","34,61","283,13M"
"05/09/2023","34,93","34,55","-0,88","34,34","35,16","324,91M"
"04/09/2023","34,80","34,86","-0,45","34,45","35,47","168,98M"
"01/09/2023","34,97","35,01","0,37","34,85","35,48","215,62M"
"31/08/2023","35,96","34,89","-2,97","34,83","35,98","359,35M"
"30/08/2023","36,41","35,95","-1,01","35,86","36,60","181,02M"
"29/08/2023","36,34","36,32","0,19","35,90","36,61","152,95M"
"28/08/2023","36,16","36,25","0,52","35,76","36,36","194,42M"
"25/08/2023","36,67","36,06","-2,04","35,87","36,69","365,53M"
"24/08/2023","36,04","36,82","1,39","35,84","37,25","569,70M"
"23/08/2023","34,04","36,31","7,31","33,93","36,35","937,40M"
"22/08/2023","33,57","33,84","0,97","33,43","33,92","459,45M"
"21/08/2023","34,18","33,51","-2,17","33,38","34,18","210,33M"
"18/08/2023","33,65","34,25","-0,03","34,02","34,61","843,87M"
"17/08/2023","34,78","34,26","2,15","33,36","34,40","1,69B"
"16/08/2023","34,78","33,54","-3,56","33,11","35,00","2,15B"
"15/08/2023","35,12","34,78","-3,43","34,57","35,38","1,23B"
"14/08/2023","36,59","36,01","-1,22","35,89","36,59","168,43M"
"11/08/2023","37,04","36,46","-1,10","36,11","37,29","468,03M"
"10/08/2023","36,85","36,86","0,35","36,83","37,44","203,05M"
"09/08/2023","36,25","36,74","0,43","35,98","38,06","492,66M"
"08/08/2023","35,95","36,58","1,96","35,79","36,86","368,94M"
"07/08/2023","36,21","35,88","-0,41","35,64","36,23","233,09M"
"04/08/2023","36,21","36,02","-0,08","35,93","37,06","437,42M"
"03/08/2023","37,89","36,05","-5,15","36,05","37,98","716,03M"
"02/08/2023","37,63","38,01","0,55","37,54","38,19","200,65M"
"01/08/2023","37,70","37,80","-1,14","37,30","38,20","273,60M"
"31/07/2023","37,86","38,24","1,66","37,72","38,95","321,08M"
"28/07/2023","38,08","37,62","-0,52","37,57","38,37","190,41M"
"27/07/2023","39,20","37,81","-3,41","37,77","39,44","243,63M"
"26/07/2023","38,10","39,15","2,06","38,10","39,19","224,27M"
"25/07/2023","39,06","38,36","-0,26","38,21","39,10","271,26M"
"24/07/2023","38,46","38,46","-0,13","38,06","38,78","220,69M"
"21/07/2023","37,41","38,51","2,88","37,34","38,63","288,58M"
"20/07/2023","37,66","37,43","0,05","37,31","37,83","164,81M"
"19/07/2023","37,30","37,41","-0,47","37,04","37,87","231,44M"
"18/07/2023","37,61","37,59","-0,73","37,29","37,82","193,02M"
"17/07/2023","37,86","37,86","0,45","37,42","37,99","222,36M"
"14/07/2023","38,70","37,70","-2,31","37,60","38,70","236,37M"
"13/07/2023","37,88","38,59","2,01","37,82","38,76","348,72M"
"12/07/2023","38,83","37,82","-1,29","37,73","38,95","420,65M"
"11/07/2023","38,76","38,32","-1,40","37,81","38,76","248,01M"
"10/07/2023","39,10","38,86","-0,61","38,79","39,36","162,37M"
"07/07/2023","38,73","39,10","1,36","38,44","39,74","227,98M"
"06/07/2023","39,48","38,58","-2,50","38,56","39,48","281,08M"
"05/07/2023","38,99","39,57","1,52","38,99","40,12","352,04M"
"04/07/2023","39,61","38,97","-1,52","38,72","39,75","229,45M"
"03/07/2023","39,40","39,58","0,63","39,19","39,75","232,00M"
"30/06/2023","38,70","39,33","2,69","38,59","39,67","521,89M"
"29/06/2023","38,12","38,30","0,73","37,90","38,52","359,48M"
"28/06/2023","38,40","38,02","-0,31","37,88","38,65","480,63M"
"27/06/2023","38,74","38,14","-1,28","37,35","39,04","566,53M"
"26/06/2023","39,38","38,64","-2,57","38,35","39,75","249,78M"
"23/06/2023","38,71","39,65","2,11","38,59","39,87","366,63M"
"22/06/2023","38,92","38,83","-0,88","38,37","39,38","501,54M"
"21/06/2023","39,01","39,18","0,53","38,88","39,70","694,21M"
"20/06/2023","39,01","38,97","-0,03","38,57","39,28","474,45M"
"19/06/2023","38,57","38,98","1,08","38,47","39,45","173,79M"
"16/06/2023","39,19","38,57","-1,96","38,52","39,22","784,18M"
"15/06/2023","38,70","39,34","0,73","38,46","39,82","1,07B"
"14/06/2023","38,47","39,05","2,68","38,15","39,23","1,10B"
"13/06/2023","38,88","38,03","-1,71","37,93","39,06","781,56M"
"12/06/2023","38,48","38,70","1,45","38,09","38,96","422,14M"
"09/06/2023","37,99","38,14","1,39","37,67","38,54","603,77M"
"07/06/2023","38,10","37,62","-0,45","37,28","38,30","813,15M"
"06/06/2023","36,23","37,78","4,80","36,18","37,93","781,10M"
"05/06/2023","36,22","36,05","0,28","35,70","36,30","253,00M"
"02/06/2023","35,61","35,95","2,08","35,40","36,04","988,77M"
"01/06/2023","34,93","35,22","0,85","34,14","35,34","899,97M"
"31/05/2023","34,37","34,93","1,35","34,26","35,35","583,08M"
"30/05/2023","34,70","34,46","0,14","34,10","34,70","489,36M"
"29/05/2023","35,12","34,41","-2,03","34,28","35,15","160,89M"
"26/05/2023","36,16","35,12","-1,61","34,63","36,16","707,75M"
"25/05/2023","35,78","35,70","2,85","35,33","36,40","775,28M"
"24/05/2023","35,26","34,71","-2,09","34,60","35,67","658,12M"
"23/05/2023","35,32","35,45","0,08","35,27","36,11","733,29M"
"22/05/2023","35,22","35,42","1,36","34,83","35,79","318,32M"
"19/05/2023","34,04","34,95","3,09","33,86","35,00","681,29M"
"18/05/2023","34,13","33,90","-1,18","33,74","34,75","762,30M"
"17/05/2023","34,91","34,30","-1,56","33,93","35,43","594,26M"
"16/05/2023","35,44","34,85","-1,04","34,78","36,09","446,99M"
"15/05/2023","34,85","35,21","0,82","34,61","35,57","254,24M"
"12/05/2023","35,30","34,93","-2,30","34,59","35,64","952,36M"
"11/05/2023","35,13","35,75","0,58","34,86","36,29","1,06B"
"10/05/2023","34,28","35,54","3,34","34,23","36,17","1,06B"
"09/05/2023","33,05","34,39","4,13","32,51","34,86","1,18B"
"08/05/2023","32,20","33,03","-1,71","32,20","33,47","601,45M"
"05/05/2023","33,89","33,60","0,68","33,25","34,05","781,72M"
"04/05/2023","33,05","33,37","1,81","33,00","33,77","594,33M"
"03/05/2023","33,08","32,78","-1,19","32,55","33,14","594,21M"
"02/05/2023","33,64","33,17","-0,95","32,96","33,38","297,63M"
"28/04/2023","33,68","33,49","-0,21","33,11","33,80","308,38M"
"27/04/2023","33,47","33,56","0,35","33,03","33,90","538,76M"
"26/04/2023","33,50","33,44","-0,58","33,24","34,02","567,65M"
"25/04/2023","33,04","33,64","-0,47","32,97","33,84","967,50M"
"24/04/2023","33,03","33,80","1,84","32,64","34,17","556,72M"
"20/04/2023","33,16","33,19","0,12","32,66","33,43","903,21M"
"19/04/2023","33,65","33,15","-2,09","33,03","33,91","1,08B"
"18/04/2023","33,20","33,86","2,38","32,94","34,14","1,30B"
"17/04/2023","33,80","33,07","-3,75","32,63","33,95","558,87M"
"14/04/2023","34,58","34,36","-0,51","33,64","34,92","688,54M"
"13/04/2023","34,70","34,53","-0,03","34,05","34,95","806,64M"
"12/04/2023","33,82","34,54","2,60","33,70","35,26","914,69M"
"11/04/2023","32,73","33,67","2,85","32,73","33,94","543,40M"
"10/04/2023","32,61","32,73","1,77","32,20","32,79","138,78M"
"06/04/2023","32,23","32,16","-0,37","31,95","32,45","307,66M"
"05/04/2023","32,92","32,28","-1,50","32,19","32,98","304,77M"
"04/04/2023","32,53","32,77","1,65","32,30","33,11","372,43M"
"03/04/2023","32,86","32,24","-1,44","32,13","32,91","215,31M"
"31/03/2023","33,38","32,71","-1,83","32,63","33,57","579,21M"
"30/03/2023","33,02","33,32","2,14","32,65","33,57","545,62M"
"29/03/2023","33,02","32,63","-0,90","31,76","33,18","695,82M"
"28/03/2023","31,82","32,92","4,98","31,74","33,31","908,30M"
"27/03/2023","30,77","31,36","2,94","30,54","31,60","436,66M"
"24/03/2023","30,17","30,46","1,51","29,81","30,98","704,37M"
"23/03/2023","30,28","30,01","-0,65","29,30","30,69","556,30M"
"22/03/2023","30,36","30,21","-0,32","30,03","30,85","629,12M"
"21/03/2023","31,36","30,31","-3,48","30,16","31,71","622,54M"
"20/03/2023","31,75","31,40","-0,96","31,07","31,75","245,66M"
"17/03/2023","32,72","31,70","-4,30","31,51","32,72","1,24B"
"16/03/2023","33,23","33,13","-0,47","32,94","34,04","1,32B"
"15/03/2023","31,30","33,28","4,89","31,14","33,52","924,41M"
"14/03/2023","31,41","31,73","1,22","30,70","31,83","598,93M"
"13/03/2023","31,09","31,35","0,22","30,67","31,69","265,34M"
"10/03/2023","31,46","31,28","-0,81","30,85","31,73","410,93M"
"09/03/2023","32,22","31,54","-2,99","31,22","32,46","476,05M"
"08/03/2023","31,82","32,51","2,45","31,63","32,64","343,74M"
"07/03/2023","32,52","31,73","-2,18","31,37","32,57","363,83M"
"06/03/2023","32,34","32,44","0,73","31,64","32,64","277,97M"
"03/03/2023","32,60","32,20","-1,24","32,14","32,83","256,71M"
"02/03/2023","32,93","32,61","-1,04","32,56","33,49","333,33M"
"01/03/2023","33,72","32,95","-2,33","32,37","33,75","326,40M"
"28/02/2023","34,02","33,74","-0,84","33,30","34,32","368,67M"
"27/02/2023","34,05","34,02","0,29","33,65","34,33","191,38M"
"24/02/2023","34,08","33,92","-0,46","33,68","34,45","272,79M"
"23/02/2023","34,27","34,08","-0,32","33,78","34,54","216,75M"
"22/02/2023","34,57","34,19","-3,12","34,06","34,80","262,25M"
"17/02/2023","35,04","35,29","-0,19","34,90","35,83","312,11M"
"16/02/2023","35,24","35,36","0,33","33,86","35,36","543,19M"
"15/02/2023","34,36","35,24","1,59","33,95","35,60","607,89M"
"14/02/2023","36,11","34,69","-3,68","34,31","36,14","556,47M"
"13/02/2023","36,19","36,02","-1,05","35,78","36,60","174,50M"
"10/02/2023","35,52","36,40","1,56","35,52","36,63","321,14M"
"09/02/2023","36,69","35,84","-2,20","35,67","36,78","356,87M"
"08/02/2023","36,40","36,65","1,11","35,94","36,66","489,51M"
"07/02/2023","37,66","36,24","-3,51","36,01","37,67","564,16M"
"06/02/2023","37,52","37,56","0,55","37,02","37,64","263,02M"
"03/02/2023","38,29","37,35","-2,56","37,33","38,39","340,08M"
"02/02/2023","38,93","38,34","-2,06","38,17","40,06","618,79M"
"01/02/2023","39,87","39,14","-2,04","38,42","40,26","647,28M"
"31/01/2023","40,02","39,96","-0,12","39,57","40,44","472,88M"
"30/01/2023","40,79","40,01","-1,45","39,73","41,06","403,00M"
"27/01/2023","41,81","40,60","-3,23","40,57","41,81","350,76M"
"26/01/2023","41,95","41,96","0,00","41,87","42,31","494,84M"
"25/01/2023","41,27","41,96","2,50","40,60","42,07","342,00M"
"24/01/2023","40,43","40,93","1,86","40,33","41,06","306,17M"
"23/01/2023","40,30","40,19","-0,24","40,06","40,85","460,18M"
"20/01/2023","40,84","40,28","-1,73","39,96","40,98","643,57M"
"19/01/2023","40,51","40,99","0,00","40,16","41,25","345,74M"
"18/01/2023","41,24","40,99","0,34","40,65","41,44","300,63M"
"17/01/2023","40,29","40,85","1,81","40,11","41,12","440,35M"
"16/01/2023","40,68","40,13","-1,83","40,07","41,13","364,31M"
"13/01/2023","41,08","40,87","-1,86","40,72","41,47","408,06M"
"12/01/2023","42,02","41,65","-0,89","41,47","42,72","366,92M"
"11/01/2023","40,18","42,02","4,52","39,88","42,15","439,38M"
"10/01/2023","40,17","40,21","-0,97","39,40","40,76","591,26M"
"09/01/2023","40,30","40,60","0,73","40,05","41,17","332,70M"
"06/01/2023","40,28","40,30","0,05","40,17","41,14","371,04M"
"05/01/2023","40,20","40,28","0,20","40,01","40,43","426,65M"
"04/01/2023","40,80","40,21","2,69","39,84","41,02","630,59M"
"03/01/2023","39,62","39,15","-1,87","38,90","40,49","652,28M"
"02/01/2023","40,16","39,90","-3,63","39,32","40,36","296,39M"
"29/12/2022","42,07","41,40","-0,92","40,89","42,33","669,59M"
"28/12/2022","41,37","41,79","1,87","40,65","42,01","300,51M"
"27/12/2022","42,20","41,02","-2,64","40,50","42,25","334,82M"
"26/12/2022","42,27","42,13","-0,76","41,60","42,49","87,81M"
"23/12/2022","42,10","42,46","1,41","42,00","43,41","373,45M"
"22/12/2022","42,02","41,87","-0,02","40,72","42,21","1,06B"
"21/12/2022","41,83","41,88","0,38","41,12","42,31","444,79M"
"20/12/2022","40,70","41,72","1,90","40,60","42,42","325,00M"
"19/12/2022","40,59","40,94","1,73","40,38","41,53","644,63M"
"16/12/2022","40,69","40,24","-0,68","39,61","40,98","951,66M"
"15/12/2022","41,14","40,52","-1,43","40,24","41,68","618,12M"
"14/12/2022","40,85","41,11","-0,29","39,56","41,32","894,04M"
"13/12/2022","41,54","41,23","-0,12","40,70","42,43","739,62M"
"12/12/2022","42,07","41,28","-1,59","39,84","42,43","893,08M"
"09/12/2022","42,39","41,95","-0,77","41,75","42,48","580,32M"
"08/12/2022","42,76","42,27","-2,09","42,02","43,16","311,21M"
"07/12/2022","42,63","43,17","1,55","42,57","44,19","485,61M"
"06/12/2022","42,61","42,52","0,58","42,14","42,65","320,43M"
"05/12/2022","42,42","42,27","-2,25","41,74","43,06","599,61M"